吉野家,東京都,吉野家 JR神田駅店,東京都千代田区鍛冶町2丁目13‐26,1400,20260425
吉野家,埼玉県,吉野家 浦和仲町店,埼玉県さいたま市浦和区仲町2丁目3‐22,1250,20260425
吉野家,東京都,吉野家 京橋2丁目店,東京都中央区京橋2‐8‐21,1350,20260425
吉野家,神奈川,吉野家 子母口店,神奈川県川崎市高津区子母口521‐2,1250,20260425
吉野家,大阪府,吉野家 守口駅前店,大阪府守口市京阪本通2丁目15‐13,1200,20260425
吉野家,大阪府,吉野家ホールディングス物流倉庫,大阪府門真市北島東町1-7,1250,20260425
吉野家,東京都,吉野家不動産本社,東京都中央区日本橋箱崎町36-2,1400,20260425
松屋,愛知県,松屋 栄三丁目店,愛知県名古屋市中区栄3-13-11,1200,20260425
松屋,東京都,松屋 下高井戸店,東京都世田谷区赤堤4-48-10雪華堂ビル1F,1300,20260425
松屋,東京都,松屋 久我山店,東京都杉並区久我山2-28-1,1300,20260425
松屋,東京都,松屋 京王つつじヶ丘店,東京都調布市東つつじヶ丘1-2-5,1300,20260425
松屋,東京都,松屋 高井戸店,東京都杉並区高井戸西1-29-3,1300,20260425
松屋,群馬県,松屋 高崎駅前店/松のや 高崎駅前店,群馬県高崎市八島町17-10,1200,20260425
松屋,東京都,松屋 国領店,東京都調布市国領町4-8-1,1300,20260425
松屋,愛知県,松屋 今池店/松のや 今池店,愛知県名古屋市千種区今池5-23-14 コザキ今池ビル1F,1200,20260425
松屋,東京都,松屋 桜上水店,東京都杉並区下高井戸1-22-6,1300,20260425
松屋,東京都,松屋 笹塚2丁目店,東京都渋谷区笹塚2-41-17 滝沢ビル1F,1300,20260425
松屋,愛知県,松屋 上前津店,愛知県名古屋市中区大須4-11-9,1200,20260425
松屋,愛知県,松屋 青柳町店,愛知県名古屋市千種区青柳町6丁目21-1,1200,20260425
松屋,東京都,松屋 仙川店,東京都調布市仙川町1-11-16 ハラダビル,1300,20260425
松屋,東京都,松屋 千歳烏山店/マイカリー食堂 千歳烏山店,東京都世田谷区南烏山4-12-4,1300,20260425
松屋,東京都,松屋 調布駅前店,東京都調布市布田1-40-10 アルソス調布駅前北口ビル,1300,20260425
松屋,東京都,松屋 調布柴崎店/松のや 調布柴崎店,東京都調布市柴崎1-47-3,1300,20260425
松屋,愛知県,松屋 長久手店,愛知県長久手市武蔵塚702,1150,20260425
松屋,愛知県,松屋 納屋橋店/松のや 納屋橋店,愛知県名古屋市中村区名駅南1-3-14,1200,20260425
松屋,東京都,松屋 幡ヶ谷店,東京都渋谷区幡ヶ谷2-7-1,1300,20260425
松屋,東京都,松屋 八幡山店,東京都杉並区上高井戸1-8-22 D.S八幡山 1F,1300,20260425
松屋,東京都,松屋 布田店,東京都調布市布田2-47-2,1300,20260425
松屋,愛知県,松屋 平針店/松のや 平針店/マイカリー食堂 平針店,愛知県名古屋市天白区平針3-117,1200,20260425
松屋,東京都,松屋 明大前店/松のや 明大前店/マイカリー食堂 明大前店,東京都世田谷区松原1-36-7,1300,20260425
松屋,兵庫県,松屋 鈴蘭台店,兵庫県神戸市北区鈴蘭台北町1-9-1 ,1150,20260425
すき家,福島県,すき家 会津若松店,福島県会津若松市山見一丁目4番地の14,1100,20260425
