吉野家,埼玉県,しあわせのビーフカレー もう～とりこ エキア志木店,埼玉県新座市東北2丁目38番10号,1200,20261003
吉野家,東京都,吉野家 16号線八王子宇津木店,東京都八王子市宇津木町709,1300,20261003
吉野家,岐阜県,吉野家 岐阜六条店,岐阜県岐阜市六条江東3丁目5‐1,1200,20261003
吉野家,広島県,吉野家 呉海岸店,広島県呉市海岸3丁目101番,1250,20261003
吉野家,大阪府,吉野家 摂津別府店,大阪府摂津市東別府3丁目6‐12,1250,20261003
吉野家,兵庫県,吉野家 明石魚住町店,兵庫県明石市魚住町清水2360‐5,1200,20261003
松屋,,,,,20261003
松屋,大阪府,松屋 住之江新北島店/松のや 住之江新北島店,大阪府大阪市住之江区新北島四丁目(未確定),1250,20261003
松屋,北海道,松屋 北広島店/松のや 北広島店,北海道北広島市美沢4丁目1番地3北広島美沢ショッピングセンター内(未確定),1220,20261003
すき家,宮城県,すき家 398号石巻山下店,宮城県石巻市山下町一丁目29番1の一32番 ,1150,20261003
すき家,群馬県,すき家 みどり大間々店,群馬県みどり市大 問 々 町 大 問 々 392-1 ,1200,20261003
すき家,長崎県,すき家 佐々店,長崎県北松浦郡佐々町市場免字馬場添 58 ,1150,20261003
すき家,北海道,すき家 札幌平岡店,北海道札幌市清田区平岡8条1丁目1番5号 ,1250,20261003
すき家,茨城県,すき家 水戸千波店,茨城県水戸市千波町字千波山2378番1 ,1220,20261003
すき家,静岡県,すき家 島田中河町店,静岡県島田市中河町8992-2,1230,20261003
すき家,栃木県,すき家 栃木駅北店,栃木県栃木市境町10-4,1200,20261003
